{
  "emr_cluster_config": {
    "Name": "project-emr-cluster",
    "ReleaseLabel": "emr-6.14.0",
    "JobFlowRole": "EMR_EC2_DefaultRole",
    "ServiceRole": "EMR_DefaultRole",
    "AutoScalingRole": "EMR_AutoScaling_DefaultRole",
    "Configurations": [
      {
        "Classification": "hive-site",
        "Properties": {
          "hive.metastore.client.factory.class": "com.amazonaws.glue.catalog.metastore.AWSGlueDataCatalogHiveClientFactory"
        }
      },
      {
        "Classification": "presto-connector-hive",
        "Properties": {
          "hive.metastore": "glue"
        }
      }
    ],
    "Instances": {
      "InstanceGroups": [
        {
          "Name": "MasterNode",
          "InstanceRole": "MASTER",
          "InstanceType": "m5.xlarge",
          "InstanceCount": 1
        },
        {
          "Name": "CoreNodes",
          "InstanceRole": "CORE",
          "InstanceType": "m4.large",
          "InstanceCount": 2
        },
        {
          "Name": "TaskNode",
          "InstanceRole": "TASK",
          "InstanceType": "m4.large",
          "InstanceCount": 2
        }
      ],
      "KeepJobFlowAliveWhenNoSteps": true,
      "Ec2KeyName": "MSBA-key-20231121"
    },
    "Applications": [
      { "Name": "Hadoop" },
      { "Name": "Hive" },
      { "Name": "Presto" },
      { "Name": "Spark" },
      { "Name": "Ganglia" },
      { "Name": "Zeppelin" },
      { "Name": "Hue" },
      { "Name": "HBase" },
      { "Name": "Flink" },
      { "Name": "JupyterHub" },
      { "Name": "Livy" },
      { "Name": "Tez" },
      { "Name": "HCatalog" },
      { "Name": "Phoenix" },
      { "Name": "Zookeeper" },
      { "Name": "JupyterEnterpriseGateway" },
      { "Name": "MXNet" },
      { "Name": "Pig" },
      { "Name": "Sqoop" },
      { "Name": "Trino" },
      { "Name": "Oozie" },
      { "Name": "TensorFlow" }
    ]
  },
  "emr_security_groups": [
    { "Role": "MASTER", "ID": "sg-09c5ca61e65f4e437" },
    { "Role": "SLAVE", "ID": "sg-0de6f223a31fa4e7c" }
  ]
}
